App,Title
Google Play Books,고구려 1 (도망자 을불)
Google Play Books,전쟁과 평화
Google Play Books,상도 (최인호)
Google Play Books,상도 1 : 천하제일상
Google Play Books,국화와 칼
Google Play Books,고구려 2 (나의 창은 굽지 않는다)
Google Play Books,고구려 3 (낙랑 축출)
Google Play Books,고구려 4 (사유의 시대)
Google Play Books,고구려 5 (백제의 칼)
Google Play Books,고구려 6 (구부의 길)
Google Play Books,미중전쟁 1
Google Play Books,회의주의자를 위한 경제학
Google Play Books,골고다 1
Google Play Books,전쟁과 무기
Google Play Books,무기체계 발달
Google Play Books,경제학 혁명
Google Play Books,서양 무기의 역사
Google Play Books,전장을 지배한 무기전 전세를 뒤바꾼 보급전
Google Play Books,살림지식총서 (여러 권)
Google Play Books,리틀 라이프 1
Google Play Books,리틀 라이프 2
Google Play Books,안티프래질
Google Play Books,절대적이며 상대적인 리더십의 물리학
Google Play Books,상도 2
Google Play Books,상도 3
Google Play Books,가루전쟁
Google Play Books,돈의 역사
Google Play Books,50대 사건으로 보는 돈의 역사
Google Play Books,대한민국 금융 잔혹사
Google Play Books,경관의 피
Google Play Books,탈세의 세계사
Google Play Books,돈의 물리학
Google Play Books,공작 1 (이중스파이 흑금성)
Google Play Books,공작 2 (무간도에 갇힌 이중스파이)
Google Play Books,인간실격
Google Play Books,블랙 잭 (BLACK JACK)
Google Play Books,흑치상지
Google Play Books,탄금
Google Play Books,삶의 정도
Google Play Books,완전론
Google Play Books,전쟁의 판도를 바꾼 전염병
Google Play Books,파동의 법칙
Google Play Books,슈뢰딩거의 파동방정식
Google Play Books,C++ 관련 서적 (Accelerated C++)
Google Play Books,필립 K. 딕 걸작선
